{"Random effect":{"0":"Mixed"},"Model":{"0":"RNN"},"nb_epochs":{"0":5919},"MAE moyenne sur l'entrainement":{"0":5.9493977532},"MSE moyenne sur l'entrainement":{"0":167.3843891099},"MAE moyenne sur l'entrainement bruit\u00e9":{"0":7.4267664718},"MSE moyenne sur l'entrainement bruit\u00e9":{"0":255.1433395186},"MAE moyenne sur le test":{"0":6.5431797521},"MSE moyenne sur le test":{"0":195.8733442025},"MAE moyenne sur le test bruit\u00e9":{"0":6.714849618},"MSE moyenne sur le test bruit\u00e9":{"0":196.5707249866}}