{"N": 314, "sr": 0.26607120499664705, "lr": 0.9965670847084125, "input_scaling": 0.1684938594958045, "ridge": 2.396400221038825e-06}