{"N": 172, "sr": 0.14893155823056178, "lr": 0.782420885060353, "input_scaling": 0.15512223019368498, "ridge": 0.008704962812518625}