{"N": 65, "sr": 0.006526248048506798, "lr": 0.45792638950792347, "input_scaling": 0.1311732423783305, "ridge": 1.7719302789683897}