{"N": 115, "sr": 0.21750833809517717, "lr": 0.40865289754999434, "input_scaling": 0.22190368953521317, "ridge": 2.0405036615693293}