{"returned_dict": {"loss": 0.012521996204553429, "r2": 0.849703221637, "status": "ok", "start_time": 1727696343.0789595, "duration": 117.97898459434509}, "current_params": {"N": 822, "input_scaling": 1.4496582134887457, "input_to_readout": false, "lr": 0.09020429139714789, "readout_feedback_to_reservoir": false, "ridge": 0.9022764647618362, "seed": 42, "sr": 0.7250316961973835, "warmup": 0}}