{"returned_dict": {"loss": 0.014908372973390472, "r2": 0.7869195756469038, "status": "ok", "start_time": 1727698997.334665, "duration": 79.53231739997864}, "current_params": {"N": 795, "input_scaling": 1.399253850759155, "input_to_readout": false, "lr": 0.09949590855212753, "readout_feedback_to_reservoir": false, "ridge": 3.237324122291794e-06, "seed": 42, "sr": 0.02527774474833651, "warmup": 7}}