{"returned_dict": {"loss": 0.014619915225804376, "r2": 0.7949782308532019, "status": "ok", "start_time": 1727702155.1753776, "duration": 52.78793668746948}, "current_params": {"N": 374, "input_scaling": 1.0898037828246838, "input_to_readout": false, "lr": 0.11520988476449535, "readout_feedback_to_reservoir": false, "ridge": 3.8165251142280595e-07, "seed": 42, "sr": 0.0177937896832649, "warmup": 1}}