{"returned_dict": {"loss": 0.014033509308480538, "r2": 0.8111088253852838, "status": "ok", "start_time": 1727696609.1562684, "duration": 67.67185950279236}, "current_params": {"N": 433, "input_scaling": 0.5539520819882827, "input_to_readout": false, "lr": 0.12983149225948815, "readout_feedback_to_reservoir": false, "ridge": 0.002148229716696433, "seed": 42, "sr": 0.043316299809655866, "warmup": 6}}