{"returned_dict": {"loss": 0.019632345852427294, "r2": 0.6266929645618606, "status": "ok", "start_time": 1727701594.7668812, "duration": 77.77147936820984}, "current_params": {"N": 802, "input_scaling": 1.7350200654131287, "input_to_readout": false, "lr": 0.31510342215294146, "readout_feedback_to_reservoir": false, "ridge": 0.000179083964237784, "seed": 42, "sr": 0.116319137631002, "warmup": 9}}