{"returned_dict": {"loss": 0.018809204211532426, "r2": 0.6605493858294651, "status": "ok", "start_time": 1727700401.6249301, "duration": 91.25853657722473}, "current_params": {"N": 968, "input_scaling": 1.2941537469512248, "input_to_readout": false, "lr": 0.01974373973301828, "readout_feedback_to_reservoir": false, "ridge": 2.0005868851360944e-05, "seed": 42, "sr": 0.22957303156882156, "warmup": 8}}