{"returned_dict": {"loss": 0.01788585636324959, "r2": 0.6807891570713769, "status": "ok", "start_time": 1727701201.4821243, "duration": 86.70099997520447}, "current_params": {"N": 908, "input_scaling": 0.563265375942097, "input_to_readout": false, "lr": 0.020750733531401885, "readout_feedback_to_reservoir": false, "ridge": 4.263671078534821e-07, "seed": 42, "sr": 0.20947973404360568, "warmup": 2}}