{"returned_dict": {"loss": 0.015213071025954386, "r2": 0.7780019494631433, "status": "ok", "start_time": 1727701826.3936129, "duration": 56.728620767593384}, "current_params": {"N": 461, "input_scaling": 0.7382928851241256, "input_to_readout": false, "lr": 0.2670425929462253, "readout_feedback_to_reservoir": false, "ridge": 1.266810994569042e-05, "seed": 42, "sr": 0.7201346307149099, "warmup": 8}}