{"returned_dict": {"loss": 0.01918076614300027, "r2": 0.6472071135491376, "status": "ok", "start_time": 1727701368.1891284, "duration": 90.85614085197449}, "current_params": {"N": 947, "input_scaling": 1.5962726036438726, "input_to_readout": false, "lr": 0.6637065710185945, "readout_feedback_to_reservoir": false, "ridge": 0.00010764249278516657, "seed": 42, "sr": 3.3144340483573536, "warmup": 1}}