{"returned_dict": {"loss": 0.022733515038839545, "r2": 0.5047080594393829, "status": "ok", "start_time": 1727702318.7097554, "duration": 54.16087293624878}, "current_params": {"N": 403, "input_scaling": 1.707031934664851, "input_to_readout": false, "lr": 0.015751627172465144, "readout_feedback_to_reservoir": false, "ridge": 0.1184066998544202, "seed": 42, "sr": 0.3227681862698133, "warmup": 0}}