{"returned_dict": {"loss": 0.022163209736617458, "r2": 0.5290773525296387, "status": "ok", "start_time": 1727701492.451196, "duration": 46.28812050819397}, "current_params": {"N": 179, "input_scaling": 0.5362695192602259, "input_to_readout": false, "lr": 0.029377556007147088, "readout_feedback_to_reservoir": false, "ridge": 9.841825997371842e-05, "seed": 42, "sr": 0.5416933770502539, "warmup": 6}}