{"returned_dict": {"loss": 0.022282554348591655, "r2": 0.5241032076219161, "status": "ok", "start_time": 1727701883.1314278, "duration": 49.308295249938965}, "current_params": {"N": 271, "input_scaling": 0.7103292606442267, "input_to_readout": false, "lr": 0.022345298550662918, "readout_feedback_to_reservoir": false, "ridge": 9.434809705658659e-06, "seed": 42, "sr": 0.022003912952545217, "warmup": 3}}