{"returned_dict": {"loss": 0.020450117341426523, "r2": 0.5969181929870737, "status": "ok", "start_time": 1727702105.4925568, "duration": 49.67356514930725}, "current_params": {"N": 271, "input_scaling": 1.1111606719800393, "input_to_readout": false, "lr": 0.5016248284712822, "readout_feedback_to_reservoir": false, "ridge": 3.078004217747894, "seed": 42, "sr": 0.012348539342148227, "warmup": 8}}