{"returned_dict": {"loss": 0.026457720117026396, "r2": 0.3288400130172056, "status": "ok", "start_time": 1727701538.7471757, "duration": 56.01034426689148}, "current_params": {"N": 443, "input_scaling": 1.8210894825538204, "input_to_readout": false, "lr": 0.11931587130842358, "readout_feedback_to_reservoir": false, "ridge": 0.00041425726624411824, "seed": 42, "sr": 3.6626063067031294, "warmup": 2}}