{"returned_dict": {"loss": 0.024535904875570193, "r2": 0.42298548140412534, "status": "ok", "start_time": 1727699827.8841662, "duration": 42.36612820625305}, "current_params": {"N": 122, "input_scaling": 0.6498660008358852, "input_to_readout": false, "lr": 0.021962169806988136, "readout_feedback_to_reservoir": false, "ridge": 3.312561284831388e-08, "seed": 42, "sr": 0.39950389623756255, "warmup": 8}}