{"returned_dict": {"loss": 0.022470065269454064, "r2": 0.5159202258325889, "status": "ok", "start_time": 1727697803.7281413, "duration": 55.756306886672974}, "current_params": {"N": 452, "input_scaling": 1.4491511730836515, "input_to_readout": false, "lr": 0.6281385579946703, "readout_feedback_to_reservoir": false, "ridge": 2.268634095282718e-05, "seed": 42, "sr": 3.2990593409366005, "warmup": 9}}