{"returned_dict": {"loss": 0.029078848276700965, "r2": 0.18838509727766897, "status": "ok", "start_time": 1727702730.6011958, "duration": 57.65140151977539}, "current_params": {"N": 467, "input_scaling": 1.8003536149124073, "input_to_readout": false, "lr": 0.0039042151142878417, "readout_feedback_to_reservoir": false, "ridge": 7.069459080394772, "seed": 42, "sr": 1.5693214219369536, "warmup": 9}}