{"returned_dict": {"loss": 0.022310035094619766, "r2": 0.5206648312258095, "status": "ok", "start_time": 1727702207.9769533, "duration": 33.62544846534729}, "current_params": {"N": 98, "input_scaling": 0.6495544602154809, "input_to_readout": false, "lr": 0.7883890223935112, "readout_feedback_to_reservoir": false, "ridge": 1.658928424876996, "seed": 42, "sr": 0.013477819629193833, "warmup": 8}}