{"returned_dict": {"loss": 0.028429313279363506, "r2": 0.19729010445810494, "status": "ok", "start_time": 1727700169.6598876, "duration": 50.963075160980225}, "current_params": {"N": 335, "input_scaling": 1.0832993475274437, "input_to_readout": false, "lr": 0.007294458409793317, "readout_feedback_to_reservoir": false, "ridge": 1.7741595015521052e-08, "seed": 42, "sr": 0.09487842647350048, "warmup": 9}}