{"returned_dict": {"loss": 0.023770399377722982, "r2": 0.45796990503715074, "status": "ok", "start_time": 1727700076.7293603, "duration": 92.92366409301758}, "current_params": {"N": 985, "input_scaling": 0.9269420876670379, "input_to_readout": false, "lr": 0.37102335796171637, "readout_feedback_to_reservoir": false, "ridge": 1.016042597712948e-06, "seed": 42, "sr": 2.8270899609503313, "warmup": 8}}