{"returned_dict": {"loss": 0.02930398238429103, "r2": 0.17676255920694045, "status": "ok", "start_time": 1727696812.8555293, "duration": 73.44499826431274}, "current_params": {"N": 714, "input_scaling": 1.0086471888577544, "input_to_readout": false, "lr": 0.40557179870278204, "readout_feedback_to_reservoir": false, "ridge": 5.441548164442246e-08, "seed": 42, "sr": 9.79403450429251, "warmup": 7}}