{"returned_dict": {"loss": 0.028752599362860388, "r2": 0.20645448912861672, "status": "ok", "start_time": 1727697579.9326434, "duration": 57.19517159461975}, "current_params": {"N": 474, "input_scaling": 0.7173955237393799, "input_to_readout": false, "lr": 0.004892235875204629, "readout_feedback_to_reservoir": false, "ridge": 6.081337125303581, "seed": 42, "sr": 1.3776330861630062, "warmup": 1}}