{"returned_dict": {"loss": 0.02202863614763796, "r2": 0.5349527449623478, "status": "ok", "start_time": 1727696676.8320496, "duration": 60.475701332092285}, "current_params": {"N": 527, "input_scaling": 0.7990353097150039, "input_to_readout": false, "lr": 0.010923348581454497, "readout_feedback_to_reservoir": false, "ridge": 3.856620262451097e-06, "seed": 42, "sr": 0.019495480205198534, "warmup": 3}}