{"returned_dict": {"loss": 0.0298360382397009, "r2": 0.14484820684125813, "status": "ok", "start_time": 1727697217.9320753, "duration": 42.863852739334106}, "current_params": {"N": 114, "input_scaling": 1.4314806251909566, "input_to_readout": false, "lr": 0.44289362804791116, "readout_feedback_to_reservoir": false, "ridge": 6.304732031564665e-08, "seed": 42, "sr": 0.25202620361693906, "warmup": 6}}