{"returned_dict": {"loss": 0.021540305916070333, "r2": 0.5541140228584077, "status": "ok", "start_time": 1727699793.894581, "duration": 33.98217034339905}, "current_params": {"N": 95, "input_scaling": 0.7111585693155966, "input_to_readout": false, "lr": 0.13278619150380885, "readout_feedback_to_reservoir": false, "ridge": 0.00646263901821016, "seed": 42, "sr": 0.014693850044619384, "warmup": 4}}