{"returned_dict": {"loss": 0.023159576216621323, "r2": 0.4854936399088109, "status": "ok", "start_time": 1727699250.9491854, "duration": 44.76054334640503}, "current_params": {"N": 148, "input_scaling": 1.7485637965002467, "input_to_readout": false, "lr": 0.04883239476665943, "readout_feedback_to_reservoir": false, "ridge": 0.006037604263868239, "seed": 42, "sr": 0.11499726306602581, "warmup": 6}}