{"returned_dict": {"loss": 0.029343565098774217, "r2": 0.1748262503454385, "status": "ok", "start_time": 1727702658.2400544, "duration": 72.34820652008057}, "current_params": {"N": 714, "input_scaling": 0.8100754034004297, "input_to_readout": false, "lr": 0.004845332879999422, "readout_feedback_to_reservoir": false, "ridge": 1.3023465350555172, "seed": 42, "sr": 0.012706168633971235, "warmup": 0}}