{"returned_dict": {"loss": 0.024941002370683217, "r2": 0.40381633784466653, "status": "ok", "start_time": 1727698145.5897799, "duration": 45.73557901382446}, "current_params": {"N": 167, "input_scaling": 1.4655177458502713, "input_to_readout": false, "lr": 0.02197016877687242, "readout_feedback_to_reservoir": false, "ridge": 0.49927319670737963, "seed": 42, "sr": 1.9539248422558175, "warmup": 4}}