{"returned_dict": {"loss": 0.025026944127287697, "r2": 0.39973988443040553, "status": "ok", "start_time": 1727697732.6265585, "duration": 71.09742760658264}, "current_params": {"N": 696, "input_scaling": 1.973083089283575, "input_to_readout": false, "lr": 0.013363518849976039, "readout_feedback_to_reservoir": false, "ridge": 0.03166556754541591, "seed": 42, "sr": 0.028587399658546543, "warmup": 2}}