{"returned_dict": {"loss": 0.028090884780857743, "r2": 0.22826676115164773, "status": "ok", "start_time": 1727701932.44776, "duration": 50.95854568481445}, "current_params": {"N": 323, "input_scaling": 1.6042841211191414, "input_to_readout": false, "lr": 0.5884962481555137, "readout_feedback_to_reservoir": false, "ridge": 1.0277264073153433e-08, "seed": 42, "sr": 0.1784220033108727, "warmup": 4}}