{"returned_dict": {"loss": 0.02144484556837935, "r2": 0.5592049182231384, "status": "ok", "start_time": 1727699665.0100873, "duration": 71.30052518844604}, "current_params": {"N": 705, "input_scaling": 1.7933467616316663, "input_to_readout": false, "lr": 0.5446032873611223, "readout_feedback_to_reservoir": false, "ridge": 0.011176184524342367, "seed": 42, "sr": 3.645399937282735, "warmup": 3}}