{"returned_dict": {"loss": 0.030007047411729472, "r2": 0.137079017146897, "status": "ok", "start_time": 1727700220.629835, "duration": 69.8797516822815}, "current_params": {"N": 688, "input_scaling": 1.594767342084155, "input_to_readout": false, "lr": 0.002961454383139027, "readout_feedback_to_reservoir": false, "ridge": 5.426007180575419, "seed": 42, "sr": 0.05007729021893899, "warmup": 7}}