{"returned_dict": {"loss": 0.033283709566109945, "r2": -0.09107807637653483, "status": "ok", "start_time": 1727700623.2900329, "duration": 33.30713987350464}, "current_params": {"N": 58, "input_scaling": 1.588243225595795, "input_to_readout": false, "lr": 0.324527246514837, "readout_feedback_to_reservoir": false, "ridge": 1.3966478177251934e-08, "seed": 42, "sr": 0.2149903113202147, "warmup": 9}}