{"returned_dict": {"loss": 0.03282250889623649, "r2": -0.033130982540379675, "status": "ok", "start_time": 1727698764.874416, "duration": 50.001256227493286}, "current_params": {"N": 262, "input_scaling": 0.8707416366200622, "input_to_readout": false, "lr": 0.06310546011389626, "readout_feedback_to_reservoir": false, "ridge": 2.8379913068720493, "seed": 42, "sr": 4.679014023329361, "warmup": 3}}