{"returned_dict": {"loss": 0.030229044844907033, "r2": 0.12425981910646015, "status": "ok", "start_time": 1727696538.129898, "duration": 71.02362322807312}, "current_params": {"N": 189, "input_scaling": 1.1060803849830139, "input_to_readout": false, "lr": 0.0029616866087217274, "readout_feedback_to_reservoir": false, "ridge": 0.0036219934571295365, "seed": 42, "sr": 0.016633478315350968, "warmup": 1}}