{"returned_dict": {"loss": 0.04787609992930307, "r2": -1.2930602999505514, "status": "ok", "start_time": 1727698612.3312256, "duration": 82.83717226982117}, "current_params": {"N": 861, "input_scaling": 1.3442580155844468, "input_to_readout": false, "lr": 0.0021117390767749857, "readout_feedback_to_reservoir": false, "ridge": 0.0007427673736014694, "seed": 42, "sr": 0.17503412682041616, "warmup": 7}}