{"returned_dict": {"loss": 0.04572998936780736, "r2": -1.2183269389738143, "status": "ok", "start_time": 1727697477.9354706, "duration": 52.96648955345154}, "current_params": {"N": 358, "input_scaling": 0.6126837448727357, "input_to_readout": false, "lr": 0.850307309630457, "readout_feedback_to_reservoir": false, "ridge": 1.4326814555088051e-05, "seed": 42, "sr": 0.020381971895498948, "warmup": 5}}