{"returned_dict": {"loss": 0.04210168145939468, "r2": -0.7574182607683297, "status": "ok", "start_time": 1727696886.3041363, "duration": 42.57171821594238}, "current_params": {"N": 111, "input_scaling": 0.6069376901636032, "input_to_readout": false, "lr": 0.010255083898098764, "readout_feedback_to_reservoir": false, "ridge": 0.05399107275976068, "seed": 42, "sr": 3.0922094076459614, "warmup": 4}}