{"returned_dict": {"loss": 0.058128452087169546, "r2": -2.241577452116254, "status": "ok", "start_time": 1727698088.4619937, "duration": 57.123316287994385}, "current_params": {"N": 477, "input_scaling": 1.4191182585235715, "input_to_readout": false, "lr": 0.03515537223999091, "readout_feedback_to_reservoir": false, "ridge": 0.00042110859624548626, "seed": 42, "sr": 8.310012558635561, "warmup": 0}}