{"returned_dict": {"loss": 0.08040182828289735, "r2": -6.504850132176143, "status": "ok", "start_time": 1727699736.3166082, "duration": 57.57189464569092}, "current_params": {"N": 470, "input_scaling": 0.9768012570059947, "input_to_readout": false, "lr": 0.004229105079912135, "readout_feedback_to_reservoir": false, "ridge": 0.004617825973172215, "seed": 42, "sr": 1.0803678961379126, "warmup": 1}}