{"returned_dict": {"loss": 0.09284809520356378, "r2": -7.3661466357233865, "status": "ok", "start_time": 1727697530.9056284, "duration": 49.023253202438354}, "current_params": {"N": 282, "input_scaling": 0.8114253011735301, "input_to_readout": false, "lr": 0.01784382948784887, "readout_feedback_to_reservoir": false, "ridge": 1.421320641826585e-07, "seed": 42, "sr": 3.5445799713354265, "warmup": 9}}