{"returned_dict": {"loss": 0.10560728859540998, "r2": -11.817551818335877, "status": "ok", "start_time": 1727697637.1332421, "duration": 95.48866868019104}, "current_params": {"N": 998, "input_scaling": 1.0940570966653154, "input_to_readout": false, "lr": 0.006896837924308586, "readout_feedback_to_reservoir": false, "ridge": 0.001318025666691029, "seed": 42, "sr": 1.1868976127565607, "warmup": 2}}