{"returned_dict": {"loss": 0.13308448266897302, "r2": -17.377249215843232, "status": "ok", "start_time": 1727697088.9265044, "duration": 77.5609040260315}, "current_params": {"N": 792, "input_scaling": 0.7127401377215237, "input_to_readout": false, "lr": 0.008383276620790615, "readout_feedback_to_reservoir": false, "ridge": 8.779616649494961e-08, "seed": 42, "sr": 0.6675090446914046, "warmup": 8}}