{"returned_dict": {"loss": 0.36274999442769834, "r2": -125.82633543575034, "status": "ok", "start_time": 1727697393.5197601, "duration": 84.41158676147461}, "current_params": {"N": 888, "input_scaling": 0.7689044172584377, "input_to_readout": false, "lr": 0.022640034668132605, "readout_feedback_to_reservoir": false, "ridge": 0.22539946346096096, "seed": 42, "sr": 2.7685374484311343, "warmup": 6}}