{"returned_dict": {"loss": 0.6078821961149666, "r2": -738.6075292167563, "status": "ok", "start_time": 1727702611.8757365, "duration": 46.35477828979492}, "current_params": {"N": 185, "input_scaling": 0.9681156932192505, "input_to_readout": false, "lr": 0.004243177539711677, "readout_feedback_to_reservoir": false, "ridge": 4.6288377852585795e-06, "seed": 42, "sr": 5.368645947090775, "warmup": 1}}