{"returned_dict": {"loss": 0.6706708407859082, "r2": -547.9616709023061, "status": "ok", "start_time": 1727697859.4887304, "duration": 77.06838726997375}, "current_params": {"N": 775, "input_scaling": 1.9148543919448122, "input_to_readout": false, "lr": 0.004706828832454976, "readout_feedback_to_reservoir": false, "ridge": 1.746242587281726e-05, "seed": 42, "sr": 1.3440662792423173, "warmup": 2}}