{"returned_dict": {"loss": 1.6995403446066206, "r2": -2836.325031283921, "status": "ok", "start_time": 1727697309.5295584, "duration": 83.98565149307251}, "current_params": {"N": 881, "input_scaling": 1.640927969523995, "input_to_readout": false, "lr": 0.01010602302007944, "readout_feedback_to_reservoir": false, "ridge": 6.895381003880357e-07, "seed": 42, "sr": 9.187802178509049, "warmup": 1}}