{"returned_dict": {"loss": 12.561495333848413, "r2": -160306.11029119248, "status": "ok", "start_time": 1727699944.7120361, "duration": 70.32748341560364}, "current_params": {"N": 693, "input_scaling": 1.3291960999818178, "input_to_readout": false, "lr": 0.0013235320805255568, "readout_feedback_to_reservoir": false, "ridge": 0.0011272062564921701, "seed": 42, "sr": 3.597071043773895, "warmup": 4}}