{"returned_dict": {"loss": 8.556779364692783, "r2": -73453.86110922946, "status": "ok", "start_time": 1727700822.1202364, "duration": 77.73974871635437}, "current_params": {"N": 801, "input_scaling": 1.1883042514667548, "input_to_readout": false, "lr": 0.0051202691686941595, "readout_feedback_to_reservoir": false, "ridge": 1.508055537161859e-05, "seed": 42, "sr": 7.16914332352969, "warmup": 0}}