{"N": 180, "sr": 0.2926707122785658, "lr": 0.9894809110942878, "input_scaling": 0.11418615567726328, "ridge": 8.040973937224832e-05}