{"N": 313, "sr": 0.3321917150333029, "lr": 0.9538216748928716, "input_scaling": 0.13918550999524348, "ridge": 1.7432432511872107e-05}