{"returned_dict": {"loss": 0.00730781293740178, "r2": 0.9487501049822804, "status": "ok", "start_time": 1727700656.6043048, "duration": 84.3461172580719}, "current_params": {"N": 873, "input_scaling": 0.6496179713323993, "input_to_readout": false, "lr": 0.4674199402109862, "readout_feedback_to_reservoir": false, "ridge": 0.0002593996409133169, "seed": 42, "sr": 0.04143986858637382, "warmup": 3}}