{"returned_dict": {"loss": 0.017423436645129048, "r2": 0.708267127528561, "status": "ok", "start_time": 1727699295.7158887, "duration": 70.00779056549072}, "current_params": {"N": 688, "input_scaling": 1.2962809701249054, "input_to_readout": false, "lr": 0.02382815286621202, "readout_feedback_to_reservoir": false, "ridge": 7.2735280958746605e-06, "seed": 42, "sr": 0.8409864424316026, "warmup": 4}}