{"returned_dict": {"loss": 0.010138662658207762, "r2": 0.9014193673511619, "status": "ok", "start_time": 1727699553.0777564, "duration": 57.79370164871216}, "current_params": {"N": 480, "input_scaling": 0.8759355920346179, "input_to_readout": false, "lr": 0.5415395451053358, "readout_feedback_to_reservoir": false, "ridge": 0.10415230694979474, "seed": 42, "sr": 0.6024795953076341, "warmup": 1}}