{"returned_dict": {"loss": 0.016291366339916243, "r2": 0.745385975583641, "status": "ok", "start_time": 1727697936.5615313, "duration": 74.01684498786926}, "current_params": {"N": 754, "input_scaling": 1.5788043352373866, "input_to_readout": false, "lr": 0.391935023128556, "readout_feedback_to_reservoir": false, "ridge": 2.3333178396939447, "seed": 42, "sr": 0.06605373155785382, "warmup": 8}}