{"returned_dict": {"loss": 0.015281207155624666, "r2": 0.7759491304301547, "status": "ok", "start_time": 1727699610.877767, "duration": 54.12592363357544}, "current_params": {"N": 403, "input_scaling": 1.0130860779932263, "input_to_readout": false, "lr": 0.4771533677231457, "readout_feedback_to_reservoir": false, "ridge": 1.248650009539691, "seed": 42, "sr": 0.11940123249674828, "warmup": 1}}