{"returned_dict": {"loss": 0.012866704302638091, "r2": 0.8412225810036358, "status": "ok", "start_time": 1727700342.2057629, "duration": 59.41085886955261}, "current_params": {"N": 509, "input_scaling": 0.8116068427063808, "input_to_readout": false, "lr": 0.20623478036600887, "readout_feedback_to_reservoir": false, "ridge": 0.04713548176009191, "seed": 42, "sr": 0.08045090803265965, "warmup": 2}}