{"returned_dict": {"loss": 0.015971980297036496, "r2": 0.7553685695273135, "status": "ok", "start_time": 1727698870.0849032, "duration": 60.11091756820679}, "current_params": {"N": 522, "input_scaling": 1.701604115893689, "input_to_readout": false, "lr": 0.4901409485917382, "readout_feedback_to_reservoir": false, "ridge": 0.021889281101444016, "seed": 42, "sr": 0.02614659205052391, "warmup": 2}}