{"returned_dict": {"loss": 0.01799311471464343, "r2": 0.6896467082577318, "status": "ok", "start_time": 1727697002.4308934, "duration": 52.78958702087402}, "current_params": {"N": 358, "input_scaling": 1.235880763928457, "input_to_readout": false, "lr": 0.12953948636839732, "readout_feedback_to_reservoir": false, "ridge": 8.222077818108257e-05, "seed": 42, "sr": 0.2764849563344296, "warmup": 9}}