{"returned_dict": {"loss": 0.015335653009331119, "r2": 0.7745572592912966, "status": "ok", "start_time": 1727696928.879176, "duration": 73.5476016998291}, "current_params": {"N": 737, "input_scaling": 1.9818009284606106, "input_to_readout": false, "lr": 0.05252703759208615, "readout_feedback_to_reservoir": false, "ridge": 3.0669088589218005e-08, "seed": 42, "sr": 2.0613059306615584, "warmup": 0}}