{"returned_dict": {"loss": 0.0178127774093153, "r2": 0.695833868253903, "status": "ok", "start_time": 1727698930.2011945, "duration": 67.12826323509216}, "current_params": {"N": 646, "input_scaling": 0.5500760411308359, "input_to_readout": false, "lr": 0.02887482703111221, "readout_feedback_to_reservoir": false, "ridge": 7.344927002914789e-07, "seed": 42, "sr": 0.08627726752024525, "warmup": 8}}