{"returned_dict": {"loss": 0.01289567375888862, "r2": 0.8374910228746868, "status": "ok", "start_time": 1727699870.2571266, "duration": 74.44826579093933}, "current_params": {"N": 764, "input_scaling": 0.7674725555328191, "input_to_readout": false, "lr": 0.32730172934727253, "readout_feedback_to_reservoir": false, "ridge": 0.00012530426655719032, "seed": 42, "sr": 0.18291564432006643, "warmup": 6}}