{"returned_dict": {"loss": 0.01282868306117888, "r2": 0.8417405944342781, "status": "ok", "start_time": 1727698323.8822732, "duration": 88.16634607315063}, "current_params": {"N": 919, "input_scaling": 0.6998822618158673, "input_to_readout": false, "lr": 0.41040100211424146, "readout_feedback_to_reservoir": false, "ridge": 1.321678361308654, "seed": 42, "sr": 0.04652465849430956, "warmup": 9}}