{"returned_dict": {"loss": 0.015105904886591285, "r2": 0.7809097644539116, "status": "ok", "start_time": 1727696737.3110642, "duration": 75.54158878326416}, "current_params": {"N": 766, "input_scaling": 1.7569602917535727, "input_to_readout": false, "lr": 0.14772152190499194, "readout_feedback_to_reservoir": false, "ridge": 9.494904155057856e-05, "seed": 42, "sr": 0.030413914859824455, "warmup": 7}}