{"returned_dict": {"loss": 0.015538198066197759, "r2": 0.7685744190394393, "status": "ok", "start_time": 1727700015.0459235, "duration": 61.677016496658325}, "current_params": {"N": 550, "input_scaling": 1.0902834126704373, "input_to_readout": false, "lr": 0.07331737152406266, "readout_feedback_to_reservoir": false, "ridge": 2.699884062456708e-07, "seed": 42, "sr": 0.03469578608187848, "warmup": 6}}