{"returned_dict": {"loss": 0.025903936116960402, "r2": 0.35692602233489584, "status": "ok", "start_time": 1727698412.054407, "duration": 80.85641932487488}, "current_params": {"N": 823, "input_scaling": 1.4126631158593326, "input_to_readout": false, "lr": 0.005334528985788089, "readout_feedback_to_reservoir": false, "ridge": 0.0030120775305442276, "seed": 42, "sr": 0.04975856135800751, "warmup": 9}}