{"returned_dict": {"loss": 0.023990688908543674, "r2": 0.448321432018947, "status": "ok", "start_time": 1727699154.0955894, "duration": 47.23730111122131}, "current_params": {"N": 204, "input_scaling": 1.5686746510178327, "input_to_readout": false, "lr": 0.020372989349582135, "readout_feedback_to_reservoir": false, "ridge": 4.2174407713943364e-08, "seed": 42, "sr": 0.04574935585135074, "warmup": 6}}