{"returned_dict": {"loss": 0.02985636086331982, "r2": 0.1457218217395066, "status": "ok", "start_time": 1727699496.4407458, "duration": 56.6300528049469}, "current_params": {"N": 457, "input_scaling": 1.4028391966875813, "input_to_readout": false, "lr": 0.002677569422182667, "readout_feedback_to_reservoir": false, "ridge": 1.6790768173400468, "seed": 42, "sr": 0.12671399492344068, "warmup": 0}}