{"returned_dict": {"loss": 0.02848561230524706, "r2": 0.2223436730979306, "status": "ok", "start_time": 1727699451.3901763, "duration": 45.041468381881714}, "current_params": {"N": 145, "input_scaling": 1.2273362765500972, "input_to_readout": false, "lr": 0.007121920410033346, "readout_feedback_to_reservoir": false, "ridge": 0.793939396616084, "seed": 42, "sr": 0.3295849131731781, "warmup": 0}}