{"returned_dict": {"loss": 0.023755051831212494, "r2": 0.45831699328765446, "status": "ok", "start_time": 1727697055.2236204, "duration": 33.69976615905762}, "current_params": {"N": 82, "input_scaling": 1.8690559330078835, "input_to_readout": false, "lr": 0.7317139587707565, "readout_feedback_to_reservoir": false, "ridge": 2.5996973016007112e-06, "seed": 42, "sr": 0.013297839048037885, "warmup": 0}}