{"returned_dict": {"loss": 0.023542594731772726, "r2": 0.4688101787797181, "status": "ok", "start_time": 1727701751.0771692, "duration": 75.30652213096619}, "current_params": {"N": 778, "input_scaling": 1.2380692692891682, "input_to_readout": false, "lr": 0.017988941850717737, "readout_feedback_to_reservoir": false, "ridge": 4.563832352541235, "seed": 42, "sr": 0.23290415540192216, "warmup": 1}}