{"returned_dict": {"loss": 0.02884193427807976, "r2": 0.20275890645997782, "status": "ok", "start_time": 1727700740.9575748, "duration": 81.15399432182312}, "current_params": {"N": 848, "input_scaling": 0.794940260758305, "input_to_readout": false, "lr": 0.004244324077309669, "readout_feedback_to_reservoir": false, "ridge": 0.08988615326123821, "seed": 42, "sr": 0.014657043717974707, "warmup": 8}}