{"returned_dict": {"loss": 0.026200818640604456, "r2": 0.3417872758765534, "status": "ok", "start_time": 1727701459.0550966, "duration": 33.387934923172}, "current_params": {"N": 60, "input_scaling": 0.9644054734653683, "input_to_readout": false, "lr": 0.06896399785968682, "readout_feedback_to_reservoir": false, "ridge": 3.663166152729149e-08, "seed": 42, "sr": 2.538684770646217, "warmup": 7}}