{"returned_dict": {"loss": 0.02746612024525209, "r2": 0.2769562153302248, "status": "ok", "start_time": 1727697260.7997642, "duration": 48.72615146636963}, "current_params": {"N": 270, "input_scaling": 0.5825631146951706, "input_to_readout": false, "lr": 0.8353026129385788, "readout_feedback_to_reservoir": false, "ridge": 1.425181609294266e-08, "seed": 42, "sr": 5.21428670433264, "warmup": 5}}