{"returned_dict": {"loss": 0.02967370840541487, "r2": 0.15532537240297356, "status": "ok", "start_time": 1727702497.5078418, "duration": 42.88107252120972}, "current_params": {"N": 100, "input_scaling": 0.8086536324303497, "input_to_readout": false, "lr": 0.6364436023287576, "readout_feedback_to_reservoir": false, "ridge": 0.0006486219299316297, "seed": 42, "sr": 9.489133937634465, "warmup": 6}}