{"returned_dict": {"loss": 0.028910379267666243, "r2": 0.15635075361600087, "status": "ok", "start_time": 1727700290.5158372, "duration": 51.6832754611969}, "current_params": {"N": 354, "input_scaling": 0.6632416280511535, "input_to_readout": false, "lr": 0.030886034533500646, "readout_feedback_to_reservoir": false, "ridge": 0.31049592293931577, "seed": 42, "sr": 2.0483824868669815, "warmup": 0}}