{"returned_dict": {"loss": 0.024857279289173202, "r2": 0.40784011980228785, "status": "ok", "start_time": 1727699076.8721213, "duration": 77.2154769897461}, "current_params": {"N": 775, "input_scaling": 1.5833634034273223, "input_to_readout": false, "lr": 0.9356927055048191, "readout_feedback_to_reservoir": false, "ridge": 0.06803724517056105, "seed": 42, "sr": 7.193342821146762, "warmup": 9}}