{"returned_dict": {"loss": 0.02356157964416091, "r2": 0.4679270358375763, "status": "ok", "start_time": 1727702026.4920545, "duration": 78.99239897727966}, "current_params": {"N": 811, "input_scaling": 0.9568389320756612, "input_to_readout": false, "lr": 0.010582925254265232, "readout_feedback_to_reservoir": false, "ridge": 0.00013965717076767594, "seed": 42, "sr": 0.014382340156213994, "warmup": 8}}