{"returned_dict": {"loss": 0.02902975338855553, "r2": 0.18877952042243068, "status": "ok", "start_time": 1727701983.4149585, "duration": 43.06791567802429}, "current_params": {"N": 114, "input_scaling": 0.7760307139672655, "input_to_readout": false, "lr": 0.03955090213372139, "readout_feedback_to_reservoir": false, "ridge": 4.562010642474464e-07, "seed": 42, "sr": 3.5466620466692027, "warmup": 1}}