{"returned_dict": {"loss": 0.025017002726869887, "r2": 0.3877003290052573, "status": "ok", "start_time": 1727698695.1732497, "duration": 69.69608926773071}, "current_params": {"N": 649, "input_scaling": 0.6385687962582693, "input_to_readout": false, "lr": 0.010999081482836176, "readout_feedback_to_reservoir": false, "ridge": 4.972508157709653e-08, "seed": 42, "sr": 0.2149014048010609, "warmup": 3}}