{"returned_dict": {"loss": 0.020716461487464935, "r2": 0.5884258343495745, "status": "ok", "start_time": 1727701288.1909516, "duration": 79.99043297767639}, "current_params": {"N": 827, "input_scaling": 1.5251665150089153, "input_to_readout": false, "lr": 0.7487564904788254, "readout_feedback_to_reservoir": false, "ridge": 0.00019253644334613835, "seed": 42, "sr": 3.5110188186125306, "warmup": 8}}