{"returned_dict": {"loss": 0.029415831202033126, "r2": 0.17071381674724156, "status": "ok", "start_time": 1727701672.5460901, "duration": 78.51806664466858}, "current_params": {"N": 799, "input_scaling": 1.268672455208868, "input_to_readout": false, "lr": 0.00229001367969024, "readout_feedback_to_reservoir": false, "ridge": 0.04792525787474509, "seed": 42, "sr": 0.02175452778643882, "warmup": 7}}