{"returned_dict": {"loss": 0.02134318923761242, "r2": 0.5634315559551899, "status": "ok", "start_time": 1727698814.880728, "duration": 55.198140144348145}, "current_params": {"N": 421, "input_scaling": 1.6114424596794474, "input_to_readout": false, "lr": 0.027277235644713547, "readout_feedback_to_reservoir": false, "ridge": 0.7232183105790345, "seed": 42, "sr": 0.5748154012762824, "warmup": 7}}