{"returned_dict": {"loss": 0.03296056219787211, "r2": -0.044618761848155095, "status": "ok", "start_time": 1727696461.0613616, "duration": 77.06515002250671}, "current_params": {"N": 335, "input_scaling": 1.0929118633700996, "input_to_readout": false, "lr": 0.0015128942324737992, "readout_feedback_to_reservoir": false, "ridge": 0.5602402888065959, "seed": 42, "sr": 0.6679554327816329, "warmup": 8}}