{"returned_dict": {"loss": 0.033697878633248905, "r2": -0.11834202888854936, "status": "ok", "start_time": 1727702372.8792624, "duration": 67.40905570983887}, "current_params": {"N": 649, "input_scaling": 0.9519088147670655, "input_to_readout": false, "lr": 0.0010493402850990411, "readout_feedback_to_reservoir": false, "ridge": 2.1151905104828456e-05, "seed": 42, "sr": 0.011747404553185901, "warmup": 7}}