{"returned_dict": {"loss": 0.033703559040088385, "r2": -0.08943491061392912, "status": "ok", "start_time": 1727699201.3384378, "duration": 49.605270862579346}, "current_params": {"N": 288, "input_scaling": 0.6639007197158076, "input_to_readout": false, "lr": 0.10390432547733877, "readout_feedback_to_reservoir": false, "ridge": 1.6959124590303494e-07, "seed": 42, "sr": 8.67375609082798, "warmup": 1}}