{"returned_dict": {"loss": 0.03020659930931081, "r2": 0.12555374654067836, "status": "ok", "start_time": 1727698010.5827115, "duration": 77.87510704994202}, "current_params": {"N": 805, "input_scaling": 1.9307508529345383, "input_to_readout": false, "lr": 0.0017760366417062204, "readout_feedback_to_reservoir": false, "ridge": 8.172999051538667, "seed": 42, "sr": 0.031355288028713686, "warmup": 0}}