{"returned_dict": {"loss": 0.04016677241606721, "r2": -0.6962015937383718, "status": "ok", "start_time": 1727698578.638306, "duration": 33.688048124313354}, "current_params": {"N": 72, "input_scaling": 0.8549049251834878, "input_to_readout": false, "lr": 0.002347765530092806, "readout_feedback_to_reservoir": false, "ridge": 0.4311591098896159, "seed": 42, "sr": 1.7391291381476306, "warmup": 9}}