{"returned_dict": {"loss": 0.050115146986799905, "r2": -1.574906760042219, "status": "ok", "start_time": 1727698277.9417443, "duration": 45.935518741607666}, "current_params": {"N": 188, "input_scaling": 1.7220639213420215, "input_to_readout": false, "lr": 0.0036241200071386354, "readout_feedback_to_reservoir": false, "ridge": 5.751884648435645e-06, "seed": 42, "sr": 0.9201201301388379, "warmup": 4}}