{"returned_dict": {"loss": 0.057728833686679124, "r2": -2.5441273384507803, "status": "ok", "start_time": 1727701044.7426007, "duration": 64.5839912891388}, "current_params": {"N": 605, "input_scaling": 0.6293752899573903, "input_to_readout": false, "lr": 0.002779091422711165, "readout_feedback_to_reservoir": false, "ridge": 2.6386853239739913e-08, "seed": 42, "sr": 0.09517044749879344, "warmup": 0}}