{"returned_dict": {"loss": 0.05550708408920975, "r2": -1.9537607177786191, "status": "ok", "start_time": 1727700899.882963, "duration": 89.63667559623718}, "current_params": {"N": 947, "input_scaling": 1.1616070419663727, "input_to_readout": false, "lr": 0.07082632412919455, "readout_feedback_to_reservoir": false, "ridge": 3.3632423239654328, "seed": 42, "sr": 8.108075271225141, "warmup": 3}}