{"returned_dict": {"loss": 0.05508693453093975, "r2": -2.032338689581556, "status": "ok", "start_time": 1727698191.3299263, "duration": 86.60658860206604}, "current_params": {"N": 904, "input_scaling": 0.5013147983102096, "input_to_readout": false, "lr": 0.0024954116362598325, "readout_feedback_to_reservoir": false, "ridge": 0.026651662322059875, "seed": 42, "sr": 1.0450923140136357, "warmup": 3}}