{"returned_dict": {"loss": 0.06495890080616777, "r2": -3.2164811683023067, "status": "ok", "start_time": 1727702540.4032924, "duration": 71.45550155639648}, "current_params": {"N": 704, "input_scaling": 0.5575615656044847, "input_to_readout": false, "lr": 0.002023664627654574, "readout_feedback_to_reservoir": false, "ridge": 1.212971883411896e-07, "seed": 42, "sr": 0.02220877683248617, "warmup": 6}}