{"returned_dict": {"loss": 0.10195530012606262, "r2": -9.21788790622591, "status": "ok", "start_time": 1727697166.4934323, "duration": 51.43497943878174}, "current_params": {"N": 319, "input_scaling": 1.5342854631868774, "input_to_readout": false, "lr": 0.004473104328583632, "readout_feedback_to_reservoir": false, "ridge": 0.003033453498542158, "seed": 42, "sr": 1.5492403550483742, "warmup": 3}}