{"returned_dict": {"loss": 0.12774040017523394, "r2": -19.174738402303184, "status": "ok", "start_time": 1727700574.983429, "duration": 48.29941463470459}, "current_params": {"N": 242, "input_scaling": 1.0763614850027454, "input_to_readout": false, "lr": 0.008196631504132502, "readout_feedback_to_reservoir": false, "ridge": 0.19762456377247656, "seed": 42, "sr": 2.2465784634152097, "warmup": 7}}