{"returned_dict": {"loss": 0.1765246988755485, "r2": -28.951849390403577, "status": "ok", "start_time": 1727698492.9154902, "duration": 85.71692657470703}, "current_params": {"N": 892, "input_scaling": 1.1304181083683504, "input_to_readout": false, "lr": 0.03118252971727901, "readout_feedback_to_reservoir": false, "ridge": 1.6401758965457266e-06, "seed": 42, "sr": 9.886841501638685, "warmup": 6}}