{"returned_dict": {"loss": 0.18443925016824578, "r2": -36.98694007867546, "status": "ok", "start_time": 1727700989.528506, "duration": 55.20622777938843}, "current_params": {"N": 407, "input_scaling": 0.8176744494698039, "input_to_readout": false, "lr": 0.0015879865199761832, "readout_feedback_to_reservoir": false, "ridge": 1.938995942858732e-08, "seed": 42, "sr": 0.06588095974939945, "warmup": 5}}