{"returned_dict": {"loss": 1.2944631311281176, "r2": -1670.3369886946723, "status": "ok", "start_time": 1727702241.6121411, "duration": 77.08837270736694}, "current_params": {"N": 783, "input_scaling": 1.0254047269436903, "input_to_readout": false, "lr": 0.0032755186536236234, "readout_feedback_to_reservoir": false, "ridge": 0.10939702199996816, "seed": 42, "sr": 2.999168282397613, "warmup": 9}}