{"returned_dict": {"loss": 1.3404484314865834, "r2": -2068.130536410154, "status": "ok", "start_time": 1727701109.333809, "duration": 92.14072275161743}, "current_params": {"N": 965, "input_scaling": 0.5475902925281411, "input_to_readout": false, "lr": 0.0012259925457833057, "readout_feedback_to_reservoir": false, "ridge": 3.854527195738921e-05, "seed": 42, "sr": 0.8493875791208121, "warmup": 5}}