{"returned_dict": {"loss": 1.3774929586376938, "r2": -1874.3923262534724, "status": "ok", "start_time": 1727700492.89037, "duration": 82.08568930625916}, "current_params": {"N": 852, "input_scaling": 1.5851817745923935, "input_to_readout": false, "lr": 0.0015152364323722876, "readout_feedback_to_reservoir": false, "ridge": 0.13759320643453804, "seed": 42, "sr": 3.3784610522323617, "warmup": 1}}