{"returned_dict": {"loss": 1.6061687457658516, "r2": -2641.043073540367, "status": "ok", "start_time": 1727702440.300104, "duration": 57.19865679740906}, "current_params": {"N": 476, "input_scaling": 0.5151438720112508, "input_to_readout": false, "lr": 0.008864970814879669, "readout_feedback_to_reservoir": false, "ridge": 4.853369025557425e-08, "seed": 42, "sr": 3.193275230054055, "warmup": 5}}