{"returned_dict": {"loss": 47.15375732288807, "r2": -2177474.293172954, "status": "ok", "start_time": 1727699365.7298627, "duration": 85.65369606018066}, "current_params": {"N": 887, "input_scaling": 1.7363085338427247, "input_to_readout": false, "lr": 0.0013604096597681075, "readout_feedback_to_reservoir": false, "ridge": 7.251153564781599e-05, "seed": 42, "sr": 2.7385907525426516, "warmup": 5}}